{
		"name": "Blue Spruce",
		"Parastichy": "OP3",
		"Faces": "OP1",
	"Vertices": {
		"Low":200,
		"High":230
	},
	"Diameter": {
		"Low": 0.025,
		"High":	0.03
	},
	"Height": {
		"Low":0.075,
		"High":0.095
	},
		"Flat_Side_Top": 0.36	,
		"Flat_Side_Bottom": 0.23,
		"Base_Width": 0.26,
		"Depression_Depth": 0.0,
		"Depression_Width": 0.0,
	"Lean": {
		"Low":1,
		"High":7
	},
	"Base_Shear_Angle": {
		"Low":5,
		"High":15
	},
		"Base_Shear_Height": 0.0,
		"Base_Shear_Lateral": 0.0,
		"Shear_Factor": 1,
		"Show_Rotation": 0,
		"Jitter": 0.06,
		"Make_Tighter" : 2,
		"Compress_Spine_Top" : 0.98,
		"Compress_Spine_Bottom" : 0.9,
		"File": "C:\\Users\\marti\\Documents\\Martin\\Blender\\Cones\\Picea\\Picea_pungens.blend",
		"Left_Right": [1.0,1.0],
		"Open_Close": 0.25,
		"Base_Offset": 10,
		"Randomness" : 0.03,
		"Weight" : 0.003,
		"Freeze_Rotation" : 2.0,
		"Area_Multiplier" : 1,
		"Min_Top_Area" : 0.1,
		"Min_Top_Number" : 20,
		"Bottom_Height_Adjust" : 1,
		"Bottom_Scale_Factor" : 1
}